{"020130": {"Brasil": {"exp": 893604343.22, "imp": 1616196.91}, "Uruguay": {"exp": 137992863.2, "imp": 0}, "Chile": {"exp": 4258459593.0600004, "imp": 1022997.04}, "España": {"exp": 12003952.499999998, "imp": 0}, "Baréin": {"exp": 797900.0, "imp": 0}, "Colombia": {"exp": 2163792.28, "imp": 0}, "Alemania": {"exp": 70658486.13, "imp": 0}, "Italia": {"exp": 5141508.91, "imp": 0}, "Kazajistán": {"exp": 114600.0, "imp": 0}, "Jordania": {"exp": 2805137.0, "imp": 0}, "Kuwait": {"exp": 667888.66, "imp": 0}, "Líbano": {"exp": 59954001.96, "imp": 301286.38}, "Países Bajos": {"exp": 63188022.09, "imp": 0}, "Curazao": {"exp": 727908.0, "imp": 0}, "Perú": {"exp": 36345.0, "imp": 0}, "Portugal": {"exp": 7642516.78, "imp": 0}, "Qatar": {"exp": 3684942.6399999997, "imp": 0}, "Rusia": {"exp": 1986233.6400000001, "imp": 0}, "Senegal": {"exp": 6531.0, "imp": 0}, "Vietnam": {"exp": 498530.0, "imp": 0}, "Suiza": {"exp": 88645757.71000001, "imp": 0}, "Reino Unido": {"exp": 17050218.759999998, "imp": 0}, "Angola": {"exp": 145400.0, "imp": 0}, "Ecuador": {"exp": 8736.0, "imp": 0}, "Israel": {"exp": 20735488.23, "imp": 0}, "Hong Kong": {"exp": 173714.61, "imp": 0}, "Chequia": {"exp": 1128.0, "imp": 0}, "Argentina": {"exp": 539520.25, "imp": 0}, "Dinamarca": {"exp": 145587.0, "imp": 0}, "Emiratos Árabes": {"exp": 184108.1, "imp": 0}, "Cuba": {"exp": 28.0, "imp": 0}, "Francia": {"exp": 15459.18, "imp": 0}, "Arabia Saudita": {"exp": 253518.0, "imp": 0}, "Gambia": {"exp": 0, "imp": 427.09}, "Eslovenia": {"exp": 120198.23, "imp": 0}, "Noruega": {"exp": 422070.72, "imp": 0}, "Estados Unidos": {"exp": 2765921.64, "imp": 0}}, "020230": {"Brasil": {"exp": 264247176.81999996, "imp": 6184212.9}, "Chile": {"exp": 326714539.2, "imp": 374634.48}, "España": {"exp": 4835324.91, "imp": 0}, "Albania": {"exp": 29614053.79, "imp": 0}, "Angola": {"exp": 57111012.11, "imp": 0}, "Azerbaiyán": {"exp": 1160897.27, "imp": 0}, "Baréin": {"exp": 13698705.77, "imp": 0}, "Armenia": {"exp": 176027.91, "imp": 0}, "Cabo Verde": {"exp": 1226845.0, "imp": 0}, "Comoras": {"exp": 393914.0, "imp": 0}, "Congo": {"exp": 3953628.07, "imp": 0}, "Guinea Ecuatorial": {"exp": 2145649.1, "imp": 0}, "Francia": {"exp": 741773.0, "imp": 0}, "Gabón": {"exp": 21417864.28, "imp": 0}, "Georgia": {"exp": 46753188.49, "imp": 0}, "Estado de Palestina": {"exp": 25062148.6, "imp": 0}, "Alemania": {"exp": 322281.53, "imp": 0}, "Grenada": {"exp": 73147.0, "imp": 0}, "Hong Kong": {"exp": 295837574.11, "imp": 0}, "Irak": {"exp": 53455465.839999996, "imp": 0}, "Israel": {"exp": 800061880.53, "imp": 159069.0}, "Italia": {"exp": 83535340.03999999, "imp": 0}, "Costa de Marfil": {"exp": 19051132.67, "imp": 0}, "Kazajistán": {"exp": 26127886.209999997, "imp": 0}, "Jordania": {"exp": 5610298.66, "imp": 0}, "Kuwait": {"exp": 225868944.0, "imp": 0}, "Líbano": {"exp": 17883612.769999996, "imp": 0}, "Liberia": {"exp": 230195.0, "imp": 0}, "Libia": {"exp": 32898839.37, "imp": 0}, "Moldavia": {"exp": 126996.0, "imp": 0}, "Montenegro": {"exp": 3656474.52, "imp": 0}, "Curazao": {"exp": 6601190.02, "imp": 0}, "Aruba": {"exp": 8814615.14, "imp": 0}, "Perú": {"exp": 8065443.51, "imp": 0}, "Qatar": {"exp": 7633095.96, "imp": 0}, "Rusia": {"exp": 2273870538.77, "imp": 7837367.83}, "Senegal": {"exp": 1156070.72, "imp": 0}, "Serbia": {"exp": 12723211.01, "imp": 0}, "Seychelles": {"exp": 1821463.89, "imp": 0}, "Vietnam": {"exp": 213325499.59, "imp": 0}, "Reino Unido": {"exp": 8051741.77, "imp": 228808.0}, "Bielorrusia": {"exp": 430830.55, "imp": 0}, "Colombia": {"exp": 4208659.13, "imp": 0}, "Ecuador": {"exp": 10432.0, "imp": 0}, "Ghana": {"exp": 42278420.62, "imp": 0}, "Irán": {"exp": 8703703.07, "imp": 0}, "Corea del Sur": {"exp": 684803.0, "imp": 0}, "Malasia": {"exp": 37400.0, "imp": 0}, "Mozambique": {"exp": 68169.0, "imp": 0}, "Países Bajos": {"exp": 8712802.75, "imp": 0}, "Portugal": {"exp": 4501747.63, "imp": 0}, "Somalia": {"exp": 6421114.140000001, "imp": 0}, "Sudan": {"exp": 502323.0, "imp": 0}, "Macedonia del Norte": {"exp": 21592209.17, "imp": 0}, "Turkmenistán": {"exp": 195561.0, "imp": 0}, "Egipto": {"exp": 67274047.52, "imp": 0}, "Uruguay": {"exp": 31881728.18, "imp": 0}, "Rep. Dem. del Congo": {"exp": 1412216.01, "imp": 0}, "Turquía": {"exp": 312721.0, "imp": 0}, "Emiratos Árabes": {"exp": 5553166.010000001, "imp": 0}, "Djibouti": {"exp": 84627.0, "imp": 0}, "Suiza": {"exp": 562169.0, "imp": 0}, "Cuba": {"exp": 1180480.9300000002, "imp": 0}, "Argentina": {"exp": 10264714.74, "imp": 93235.0}, "Croacia": {"exp": 242822.0, "imp": 0}, "Arabia Saudita": {"exp": 17290422.119999997, "imp": 192853.0}, "Singapur": {"exp": 2332727.14, "imp": 0}, "Túnez": {"exp": 3662240.8000000003, "imp": 0}, "Bahamas": {"exp": 307078.69, "imp": 0}, "Antigua y Barbuda": {"exp": 734143.14, "imp": 0}, "Sierra Leona": {"exp": 37127691.6, "imp": 0}, "Estados Unidos": {"exp": 144364537.41, "imp": 0}, "Gambia": {"exp": 48513.36, "imp": 0}, "Noruega": {"exp": 307654.66, "imp": 0}, "Canadá": {"exp": 35298172.58, "imp": 0}, "Central African Rep.": {"exp": 785477.09, "imp": 0}, "Bermuda": {"exp": 139261.95, "imp": 0}}, "020622": {"Brasil": {"exp": 16102858.03, "imp": 6296.76}, "Angola": {"exp": 517994.22, "imp": 0}, "Bielorrusia": {"exp": 30479.0, "imp": 0}, "Colombia": {"exp": 203386.11000000002, "imp": 0}, "Guinea Ecuatorial": {"exp": 7088.0, "imp": 0}, "Gabón": {"exp": 40534.0, "imp": 0}, "Estado de Palestina": {"exp": 228294.0, "imp": 0}, "Kuwait": {"exp": 58993.0, "imp": 0}, "Aruba": {"exp": 8703.0, "imp": 0}, "Perú": {"exp": 388496.51, "imp": 0}, "Rusia": {"exp": 57884541.20999999, "imp": 326652.58}, "Seychelles": {"exp": 28236.59, "imp": 0}, "Baréin": {"exp": 37750.0, "imp": 0}, "Congo": {"exp": 7435.0, "imp": 0}, "Emiratos Árabes": {"exp": 159159.65, "imp": 0}, "Israel": {"exp": 71629.87, "imp": 0}, "Egipto": {"exp": 14926966.58, "imp": 0}, "Gambia": {"exp": 36600.0, "imp": 0}, "Tanzania": {"exp": 290087.5, "imp": 0}, "Georgia": {"exp": 574843.8300000001, "imp": 0}, "Líbano": {"exp": 144262.73, "imp": 0}, "Guinea": {"exp": 303319.7, "imp": 0}, "Costa de Marfil": {"exp": 301720.29000000004, "imp": 0}, "Uruguay": {"exp": 449508.65, "imp": 0}, "Ghana": {"exp": 36882.0, "imp": 0}, "Curazao": {"exp": 9750.18, "imp": 0}, "Liberia": {"exp": 53922.0, "imp": 0}, "Qatar": {"exp": 6715.0, "imp": 0}, "Senegal": {"exp": 70445.29, "imp": 0}, "Antigua y Barbuda": {"exp": 11584.94, "imp": 0}, "Sierra Leona": {"exp": 86877.76, "imp": 0}, "Albania": {"exp": 74534.14, "imp": 0}, "Libia": {"exp": 523862.52, "imp": 0}, "Mozambique": {"exp": 52556.0, "imp": 0}, "Omán": {"exp": 30796.7, "imp": 0}, "Túnez": {"exp": 89171.5, "imp": 0}, "Macedonia del Norte": {"exp": 2394.52, "imp": 0}, "Cuba": {"exp": 13000.0, "imp": 0}}, "020629": {"Brasil": {"exp": 18110996.89, "imp": 1055255.98}, "Albania": {"exp": 3596049.85, "imp": 0}, "Angola": {"exp": 2073401.1799999997, "imp": 0}, "Baréin": {"exp": 486796.38, "imp": 0}, "Armenia": {"exp": 853635.8, "imp": 0}, "Colombia": {"exp": 3218734.6899999995, "imp": 0}, "Comoras": {"exp": 77702.0, "imp": 0}, "Congo": {"exp": 12162633.85, "imp": 0}, "Rep. Dem. del Congo": {"exp": 3084675.26, "imp": 0}, "Guinea Ecuatorial": {"exp": 1588087.3499999999, "imp": 0}, "Gabón": {"exp": 43003366.37, "imp": 0}, "Georgia": {"exp": 2564682.0, "imp": 0}, "Estado de Palestina": {"exp": 208660.0, "imp": 0}, "Ghana": {"exp": 3649149.31, "imp": 0}, "Grenada": {"exp": 5815.0, "imp": 0}, "Guinea": {"exp": 306124.02, "imp": 0}, "Hong Kong": {"exp": 44313682.96, "imp": 0}, "Irak": {"exp": 561429.47, "imp": 0}, "Israel": {"exp": 8922750.47, "imp": 0}, "Costa de Marfil": {"exp": 4116019.7, "imp": 0}, "Kuwait": {"exp": 1785004.36, "imp": 0}, "Liberia": {"exp": 3898683.4, "imp": 0}, "Montenegro": {"exp": 37659.0, "imp": 0}, "Curazao": {"exp": 2866828.15, "imp": 0}, "Aruba": {"exp": 399491.30000000005, "imp": 0}, "Perú": {"exp": 16086255.730000002, "imp": 0}, "Qatar": {"exp": 116523.26000000001, "imp": 0}, "Rusia": {"exp": 120353952.36, "imp": 893961.15}, "Serbia": {"exp": 6438948.43,