{"050400": {"Brasil": {"exp": 43194212.25999999, "imp": 3082362.72}, "Uruguay": {"exp": 251586.07, "imp": 275044.0}, "Argentina": {"exp": 43105836.66, "imp": 4262774.52}, "Chile": {"exp": 8457361.52, "imp": 563666.83}, "España": {"exp": 15539960.049999999, "imp": 0}, "Angola": {"exp": 1376755.02, "imp": 0}, "Austria": {"exp": 6591094.28, "imp": 0}, "Baréin": {"exp": 5331.0, "imp": 0}, "Bulgaria": {"exp": 1023544.48, "imp": 0}, "Colombia": {"exp": 364067.75, "imp": 530805.44}, "Congo": {"exp": 3146286.74, "imp": 0}, "Guinea Ecuatorial": {"exp": 213736.13, "imp": 0}, "Francia": {"exp": 14802252.07, "imp": 0}, "Gabón": {"exp": 5196636.680000001, "imp": 0}, "Alemania": {"exp": 9912604.09, "imp": 0}, "Hong Kong": {"exp": 120017355.3, "imp": 0}, "Israel": {"exp": 28806.0, "imp": 0}, "Italia": {"exp": 22958002.889999997, "imp": 0}, "Costa de Marfil": {"exp": 5724440.57, "imp": 0}, "Kazajistán": {"exp": 603865.5700000001, "imp": 0}, "Kuwait": {"exp": 304644.54000000004, "imp": 0}, "Países Bajos": {"exp": 9704564.0, "imp": 0}, "Curazao": {"exp": 169952.56, "imp": 0}, "Aruba": {"exp": 101180.0, "imp": 0}, "Perú": {"exp": 5324465.23, "imp": 0}, "Portugal": {"exp": 9289770.92, "imp": 0}, "Rumania": {"exp": 1194991.0, "imp": 0}, "Rusia": {"exp": 47590460.32000001, "imp": 0}, "Serbia": {"exp": 54062.83, "imp": 0}, "Vietnam": {"exp": 74443455.60000001, "imp": 0}, "Sudáfrica": {"exp": 429698.0, "imp": 0}, "Bielorrusia": {"exp": 440987.0, "imp": 0}, "Rep. Dem. del Congo": {"exp": 907302.75, "imp": 0}, "Chequia": {"exp": 76776.0, "imp": 0}, "Ghana": {"exp": 6108057.97, "imp": 0}, "Polonia": {"exp": 2638637.17, "imp": 0}, "Myanmar": {"exp": 58449.0, "imp": 0}, "Egipto": {"exp": 42042.0, "imp": 0}, "Emiratos Árabes": {"exp": 258125.57, "imp": 0}, "China": {"exp": 44240.0, "imp": 0}, "Bélgica": {"exp": 152597.0, "imp": 0}, "Montenegro": {"exp": 445383.0, "imp": 0}, "Tailandia": {"exp": 184161.12, "imp": 0}, "Letonia": {"exp": 2.0, "imp": 0}, "Liberia": {"exp": 162480.0, "imp": 0}, "Antigua y Barbuda": {"exp": 94778.61, "imp": 0}, "Bolivia": {"exp": 289449.57, "imp": 725895.84}, "Estados Unidos": {"exp": 0, "imp": 1089589.3}, "Macedonia del Norte": {"exp": 1323.0, "imp": 0}, "Mozambique": {"exp": 57629.1, "imp": 0}, "Camboya": {"exp": 258578.27, "imp": 0}, "Albania": {"exp": 54171.0, "imp": 0}}, "051000": {"Brasil": {"exp": 29018438.28, "imp": 0}, "India": {"exp": 997005.0, "imp": 0}, "Sudáfrica": {"exp": 1568031.19, "imp": 0}, "Nueva Zelanda": {"exp": 251024.0, "imp": 0}, "Alemania": {"exp": 309941.0, "imp": 0}, "España": {"exp": 87199.69, "imp": 0}, "Argentina": {"exp": 56551.16, "imp": 0}, "Estados Unidos": {"exp": 178068.0, "imp": 0}, "Hong Kong": {"exp": 435513.95999999996, "imp": 0}, "Irlanda": {"exp": 46524.0, "imp": 0}, "Chile": {"exp": 4450.0, "imp": 0}, "Uruguay": {"exp": 10.0, "imp": 0}, "Pakistán": {"exp": 0, "imp": 49460.0}, "Colombia": {"exp": 0, "imp": 116343.18}}, "051199": {"Brasil": {"exp": 31381402.11, "imp": 29563067.69}, "Estados Unidos": {"exp": 2990356.91, "imp": 0}, "Argentina": {"exp": 11418842.0, "imp": 2191107.4}, "Chile": {"exp": 189383.0, "imp": 0}, "España": {"exp": 3328740.26, "imp": 2078340.26}, "China": {"exp": 894924.0, "imp": 0}, "Colombia": {"exp": 86826.4, "imp": 0}, "Alemania": {"exp": 6751713.359999999, "imp": 0}, "Países Bajos": {"exp": 2155406.32, "imp": 0}, "Perú": {"exp": 7383298.47, "imp": 66914.0}, "Filipinas": {"exp": 699415.0, "imp": 0}, "Vietnam": {"exp": 6224400.0, "imp": 0}, "Sudáfrica": {"exp": 143573.0, "imp": 0}, "Suiza": {"exp": 3338746.6, "imp": 0}, "Reino Unido": {"exp": 384933.0, "imp": 22314.2}, "Bolivia": {"exp": 38740.0, "imp": 2180344.73}, "Malasia": {"exp": 41863.0, "imp": 0}, "Francia": {"exp": 5388424.5600000005, "imp": 0}, "Uruguay": {"exp": 105700.0, "imp": 100250.43}, "Polonia": {"exp": 0, "imp": 794814.49}, "Panamá": {"exp": 0, "imp": 140117.0}, "Italia": {"exp": 0, "imp": 2411625.32}}, "050790": {"Alemania": {"exp": 8600.0, "imp": 0}, "Chile": {"exp": 1140.0, "imp": 0}}, "050690": {"Aruba": {"exp": 10011.0, "imp": 0}}, "051191": {"España": {"exp": 56395.0, "imp": 0}, "Brasil": {"exp": 0, "imp": 4456.08}}, "051110": {"Argentina": {"exp": 68140.0, "imp": 1128811.09}, "Uruguay": {"exp": 938.0, "imp": 211084.46}, "Mozambique": {"exp": 28165.0, "imp": 0}, "Canadá": {"exp": 0, "imp": 95115.94}, "Nueva Zelanda": {"exp": 0, "imp": 24548.0}, "Colombia": {"exp": 0, "imp": 60770.1}, "Estados Unidos": {"exp": 0, "imp": 884669.04}, "Brasil": {"exp": 0, "imp": 665523.91}, "Australia": {"exp": 0, "imp": 70242.0}, "Guatemala": {"exp": 6000.0, "imp": 0}}, "050590": {"Chile": {"exp": 3500.0, "imp": 0}}, "050290": {"Hong Kong": {"exp": 0, "imp": 31.8}}}