{"100199": {"Brasil": {"exp": 882407157.3100001, "imp": 8.51}, "Uruguay": {"exp": 2535202.0, "imp": 0}, "Argentina": {"exp": 225658.16999999998, "imp": 135.0}, "Chile": {"exp": 5675907.0, "imp": 0}, "Rep. Dem. del Congo": {"exp": 314383.0, "imp": 0}, "Omán": {"exp": 123905.0, "imp": 0}, "Singapur": {"exp": 111663.0, "imp": 0}, "Vietnam": {"exp": 14088252.75, "imp": 0}, "Br. Virgin Isds": {"exp": 10011.0, "imp": 0}, "Bolivia": {"exp": 1791764.5, "imp": 0}, "Malasia": {"exp": 1101.0, "imp": 0}, "Perú": {"exp": 0, "imp": 8.36}, "Indonesia": {"exp": 16.5, "imp": 0}}, "100590": {"Brasil": {"exp": 2214206660.5499997, "imp": 678705.65}, "Uruguay": {"exp": 273152910.13, "imp": 0}, "Estados Unidos": {"exp": 21321803.099999998, "imp": 0}, "Argentina": {"exp": 42573015.0, "imp": 1383604.21}, "Chile": {"exp": 697398074.77, "imp": 0}, "Argelia": {"exp": 41024772.0, "imp": 0}, "Angola": {"exp": 2950360.43, "imp": 0}, "Canadá": {"exp": 185.0, "imp": 0}, "Myanmar": {"exp": 149600.0, "imp": 0}, "Costa Rica": {"exp": 12544590.34, "imp": 0}, "Rep. Dominicana": {"exp": 18541674.52, "imp": 0}, "Alemania": {"exp": 991.0, "imp": 0}, "Ghana": {"exp": 1970480.0, "imp": 0}, "Hong Kong": {"exp": 293275.0, "imp": 0}, "Islandia": {"exp": 176000.0, "imp": 0}, "Indonesia": {"exp": 2549709.0, "imp": 0}, "Israel": {"exp": 36591405.0, "imp": 0}, "Costa de Marfil": {"exp": 1505072.0, "imp": 0}, "Corea del Sur": {"exp": 396070698.58, "imp": 0}, "Luxemburgo": {"exp": 43718.0, "imp": 0}, "Malasia": {"exp": 22061078.0, "imp": 0}, "Mauricio": {"exp": 12772157.07, "imp": 0}, "Marruecos": {"exp": 22755178.65, "imp": 0}, "Omán": {"exp": 4798878.65, "imp": 0}, "Nigeria": {"exp": 2759733.0, "imp": 0}, "Perú": {"exp": 102213832.82, "imp": 0}, "Filipinas": {"exp": 8666974.0, "imp": 0}, "Portugal": {"exp": 4146002.0, "imp": 0}, "Senegal": {"exp": 25925449.83, "imp": 0}, "Singapur": {"exp": 771707.0, "imp": 0}, "Vietnam": {"exp": 32876953.0, "imp": 0}, "Sudáfrica": {"exp": 30689764.85, "imp": 0}, "Emiratos Árabes": {"exp": 12272804.0, "imp": 0}, "Túnez": {"exp": 18647125.0, "imp": 0}, "Egipto": {"exp": 24142944.0, "imp": 0}, "Venezuela": {"exp": 6550000.0, "imp": 0}, "Bélgica": {"exp": 6912.0, "imp": 0}, "Francia": {"exp": 42.5, "imp": 0}, "Irán": {"exp": 14598990.61, "imp": 0}, "Polonia": {"exp": 4432.0, "imp": 0}, "Qatar": {"exp": 1396128.0, "imp": 0}, "Arabia Saudita": {"exp": 122373106.25999999, "imp": 0}, "Japón": {"exp": 19907103.0, "imp": 0}, "Cabo Verde": {"exp": 2784470.0, "imp": 0}, "Irak": {"exp": 2713362.0, "imp": 0}, "Colombia": {"exp": 16189916.67, "imp": 0}, "España": {"exp": 4672.0, "imp": 0}, "Italia": {"exp": 8175698.8, "imp": 0}, "Camerún": {"exp": 8851471.0, "imp": 0}, "Yemen": {"exp": 1495200.0, "imp": 0}, "Países Bajos": {"exp": 52500.0, "imp": 0}}, "100610": {"Brasil": {"exp": 121365515.5, "imp": 2530.83}, "Costa Rica": {"exp": 6259593.0, "imp": 0}, "Nicaragua": {"exp": 5780000.0, "imp": 0}, "México": {"exp": 53808131.5, "imp": 0}, "Panamá": {"exp": 14723136.0, "imp": 0}, "Estados Unidos": {"exp": 314437.0, "imp": 0}, "Guatemala": {"exp": 12972450.0, "imp": 0}, "Suiza": {"exp": 20809.0, "imp": 0}, "El Salvador": {"exp": 3977343.0, "imp": 0}, "Uruguay": {"exp": 1494447.7200000002, "imp": 915.0}, "India": {"exp": 0, "imp": 20145.55}, "Canadá": {"exp": 23760.0, "imp": 0}}, "100620": {"Brasil": {"exp": 588627853.13, "imp": 53504.71}, "Bolivia": {"exp": 525000.0, "imp": 0}, "Israel": {"exp": 282947.0, "imp": 0}, "Países Bajos": {"exp": 14887770.0, "imp": 0}, "Portugal": {"exp": 20685585.5, "imp": 0}, "Reino Unido": {"exp": 12583021.34, "imp": 0}, "Bélgica": {"exp": 3957842.0, "imp": 0}, "Alemania": {"exp": 4859243.0, "imp": 0}, "Gambia": {"exp": 161070.0, "imp": 0}, "Sierra Leona": {"exp": 86567.0, "imp": 0}, "Mozambique": {"exp": 103680.0, "imp": 0}, "Costa Rica": {"exp": 99480.0, "imp": 0}, "Italia": {"exp": 1245158.2, "imp": 0}, "Polonia": {"exp": 16251858.2, "imp": 0}, "Ucrania": {"exp": 86580.0, "imp": 0}, "Francia": {"exp": 6048650.0, "imp": 0}, "España": {"exp": 9704559.03, "imp": 0}, "Camerún": {"exp": 60000.0, "imp": 0}, "Lituania": {"exp": 178414.0, "imp": 0}, "Nigeria": {"exp": 135675.0, "imp": 0}, "Estados Unidos": {"exp": 60000.0, "imp": 0}, "Grecia": {"exp": 967525.0, "imp": 0}, "Guatemala": {"exp": 2228600.0, "imp": 0}, "México": {"exp": 26000.0, "imp": 0}, "Canadá": {"exp": 108680.0, "imp": 0}, "Turquía": {"exp": 1679576.0, "imp": 0}, "Uruguay": {"exp": 156100.0, "imp": 0}, "Angola": {"exp": 399168.0, "imp": 0}, "Letonia": {"exp": 28250.0, "imp": 0}, "Argentina": {"exp": 1020281.5, "imp": 46516.0}, "Chile": {"exp": 299124.2, "imp": 0}}, "100630": {"Brasil": {"exp": 1028749347.66, "imp": 131505.21}, "Bolivia": {"exp": 498559.0, "imp": 0}, "Estados Unidos": {"exp": 1958992.21, "imp": 0}, "Argentina": {"exp": 15736391.44, "imp": 132533.8}, "Chile": {"exp": 192991828.26, "imp": 15648.0}, "Costa Rica": {"exp": 31422409.04, "imp": 0}, "Guatemala": {"exp": 6306238.79, "imp": 0}, "Israel": {"exp": 11237803.0, "imp": 0}, "Países Bajos": {"exp": 1000941.0, "imp": 0}, "Nicaragua": {"exp": 606923.0, "imp": 0}, "Perú": {"exp": 15305085.79, "imp": 0}, "Arabia Saudita": {"exp": 59924.0, "imp": 0}, "Trinidad y Tobago": {"exp": 1661072.0, "imp": 0}, "Bélgica": {"exp": 1185309.0, "imp": 0}, "Colombia": {"exp": 10319048.01, "imp": 0}, "Gambia": {"exp": 466784.0, "imp": 0}, "Alemania": {"exp": 118888.0, "imp": 6333.26}, "Honduras": {"exp": 3838924.0, "imp": 0}, "Líbano": {"exp": 52042.0, "imp": 0}, "Panamá": {"exp": 2504611.0, "imp": 0}, "Turquía": {"exp": 1630849.0, "imp": 0}, "Emiratos Árabes": {"exp": 34027.0, "imp": 0}, "Venezuela": {"exp": 3189595.0, "imp": 0}, "Uruguay": {"exp": 1317834.0, "imp": 0}, "Croacia": {"exp": 97000.0, "imp": 0}, "Argelia": {"exp": 10283.0, "imp": 0}, "Portugal": {"exp": 884355.0, "imp": 0}, "Italia": {"exp": 288224.6, "imp": 3289.39}, "Polonia": {"exp": 405276.0, "imp": 0}, "Haití": {"exp": 1334059.0, "imp": 0}, "Montenegro": {"exp": 72000.0, "imp": 0}, "Albania": {"exp": 203790.0, "imp": 0}, "Camerún": {"exp": 122020.0, "imp": 0}, "México": {"exp": 18642682.6, "imp": 0}, "Irak": {"exp": 25073610.0, "imp": 0}, "España": {"exp": 1594492.5, "imp": 7161.1}, "Francia": {"exp": 2567.5, "imp": 0}, "Senegal": {"exp": 285660.0, "imp": 0}, "Sudáfrica": {"exp": 244898.0, "imp": 0}, "Guinea": {"exp": 8190.0, "imp": 0}, "Reino Unido": {"exp": 749124.0, "imp": 0}, "Benin": {"exp": 118918.0, "imp": 0}, "Togo": {"exp": 32432.0, "imp": 0}, "Rusia": {"exp": 112500.0, "imp": 0}, "El Salvador": {"exp": 4703187.61, "imp": 0}, "Sierra Leona": {"exp": 130055.0, "imp": 0}, "Angola": {"exp": 770000.0, "imp": 0}, "Lituania": {"exp": 1048811.5, "imp": 0}, "Bulgaria": {"exp": 406377.0, "imp": 0}, "French Polynesia": {"exp": 62800.0, "imp": 0}, "Irán": {"exp": 25609.0, "imp": 0}, "Letonia": {"exp": 132454.7, "imp": 0}, "Canadá": {"exp": 2549688.5, "imp": 0}, "Corea del Sur": {"exp": 0, "imp": 1485.59}, "Ucrania": {"exp": 28417.0, "imp": 0}, "Suecia": {"exp": 6760.0, "imp": 0}, "Cuba": {"exp": 114102.0, "imp": 0}, "Grecia": {"exp": 363524.4, "imp": 0}, "Eslovaquia": {"exp": 124796.0, "imp": 0}, "Rep. Dominicana": {"exp": 950497.91, "imp": 0}}, "100640": {"Brasil": {"exp": 33118175.42, "imp": 0}, "Bolivia": {"exp": 132160.0, "imp": 0}, "Chile": {"exp": 65226293.870000005, "imp": 29821.29}, "España": {"exp": 1335066.0, "imp": 138561.1}, "Bélgica": {"exp": 11255666.67, "imp": 126389.7}, "Costa Rica": {"exp": 278025.0, "imp": 0}, "Gambia": {"exp": 27442883.240000002, "imp": 0}, "Mozambique": {"exp": 144612.0, "imp": 0}, "Guinea-Bissau": {"exp": 2648355.13, "imp": 0}, "Sierra Leona": {"exp": 23521178.57, "imp": 0}, "Guinea": {"exp": 26069.0, "imp": 0}, "Países Bajos": {"exp": 5164217.76, "imp": 0}, "Nicaragua": {"exp": 70117.0, "imp": 0}, "Sudáfrica": {"exp": 453693.0, "imp": 0}, "Guatemala": {"exp": 2235619.8, "imp": 0}, "Haití": {"exp": 261578.0, "imp": 0}, "Angola": {"exp": 599409.0, "imp": 0}, "Togo": {"exp": 291070.0, "imp": 0}, "Liberia": {"exp": 328149.0, "imp": 0},