{"150210": {"Hong Kong": {"exp": 3268647.12, "imp": 0}, "Vietnam": {"exp": 367262.0, "imp": 0}, "Israel": {"exp": 3547817.4299999997, "imp": 0}, "Egipto": {"exp": 11925446.9, "imp": 0}, "Kazajistán": {"exp": 173649.96, "imp": 0}, "Rusia": {"exp": 15625947.880000003, "imp": 45085.82}, "Jordania": {"exp": 979962.6, "imp": 0}, "Baréin": {"exp": 6089.0, "imp": 0}, "Chile": {"exp": 7416447.959999999, "imp": 0}, "Brasil": {"exp": 228720283.02, "imp": 0}, "Kuwait": {"exp": 143305.12, "imp": 0}, "Líbano": {"exp": 171095.0, "imp": 0}, "Serbia": {"exp": 321773.09, "imp": 0}, "Uruguay": {"exp": 27642485.509999998, "imp": 0}, "Argentina": {"exp": 22140.0, "imp": 0}, "Arabia Saudita": {"exp": 433661.26, "imp": 0}, "Perú": {"exp": 73357.11, "imp": 0}, "Emiratos Árabes": {"exp": 67426.0, "imp": 0}, "Seychelles": {"exp": 2224.65, "imp": 0}, "Macedonia del Norte": {"exp": 749246.31, "imp": 0}, "Angola": {"exp": 24441.71, "imp": 0}, "Azerbaiyán": {"exp": 29180.13, "imp": 0}, "Qatar": {"exp": 26815.23, "imp": 0}, "Reino Unido": {"exp": 662.76, "imp": 0}, "Estados Unidos": {"exp": 1987799.1, "imp": 0}, "Irak": {"exp": 42929.26, "imp": 0}, "Montenegro": {"exp": 38964.61, "imp": 0}}, "150710": {"Argelia": {"exp": 50095523.0, "imp": 0}, "Dinamarca": {"exp": 3901056.0, "imp": 0}, "Bangladesh": {"exp": 502506426.03000003, "imp": 0}, "Mozambique": {"exp": 26359933.12, "imp": 0}, "Venezuela": {"exp": 60360996.18, "imp": 0}, "Túnez": {"exp": 6897804.0, "imp": 0}, "Países Bajos": {"exp": 26406959.0, "imp": 0}, "Irán": {"exp": 17968686.0, "imp": 0}, "Camerún": {"exp": 316199.0, "imp": 0}, "Madagascar": {"exp": 26305266.62, "imp": 0}, "Pakistán": {"exp": 296744040.21999997, "imp": 0}, "Perú": {"exp": 216257672.54000002, "imp": 0}, "Kuwait": {"exp": 2534397.0, "imp": 0}, "Jamaica": {"exp": 28073.0, "imp": 0}, "Emiratos Árabes": {"exp": 2971520.0, "imp": 0}, "Sudáfrica": {"exp": 626370.0, "imp": 0}, "Egipto": {"exp": 99627561.0, "imp": 0}, "India": {"exp": 1227786792.0, "imp": 0}, "Francia": {"exp": 35140801.0, "imp": 0}, "España": {"exp": 61275097.43, "imp": 0}, "Argentina": {"exp": 393555664.03, "imp": 0}, "Uruguay": {"exp": 619341.17, "imp": 0}, "Brasil": {"exp": 204449469.41, "imp": 140228.16}, "Turquía": {"exp": 6411390.0, "imp": 0}, "Italia": {"exp": 1996367.0, "imp": 0}, "Chile": {"exp": 5095456.0, "imp": 0}, "Omán": {"exp": 234326.85, "imp": 0}, "Angola": {"exp": 31391934.57, "imp": 0}, "Senegal": {"exp": 54523.0, "imp": 0}, "Malasia": {"exp": 16885222.0, "imp": 0}, "Guatemala": {"exp": 6798472.470000001, "imp": 0}, "El Salvador": {"exp": 4034895.26, "imp": 0}, "Costa Rica": {"exp": 181826.0, "imp": 0}, "Rep. Dominicana": {"exp": 6001044.0, "imp": 0}, "Estados Unidos": {"exp": 11453112.0, "imp": 0}, "Bolivia": {"exp": 0, "imp": 388233.0}, "Jordania": {"exp": 36663.0, "imp": 0}, "Corea del Sur": {"exp": 40133.020000000004, "imp": 0}, "Portugal": {"exp": 164997.63, "imp": 0}, "Br. Virgin Isds": {"exp": 1004.0, "imp": 0}, "Panamá": {"exp": 174356.92, "imp": 0}}, "150890": {"Italia": {"exp": 730241.6, "imp": 0}, "Argentina": {"exp": 20864.0, "imp": 0}, "Países Bajos": {"exp": 0, "imp": 19575.35}, "Alemania": {"exp": 0, "imp": 7156.64}}, "151411": {"Ecuador": {"exp": 4637240.5, "imp": 0}, "Estados Unidos": {"exp": 8069041.0, "imp": 0}, "Uruguay": {"exp": 190708.0, "imp": 0}, "Brasil": {"exp": 65434353.76, "imp": 0}, "China": {"exp": 1777801.0, "imp": 0}, "Kuwait": {"exp": 56753.0, "imp": 0}, "Chile": {"exp": 90909248.58, "imp": 0}, "Argentina": {"exp": 3512066.4, "imp": 0}, "Rep. Dominicana": {"exp": 292120.0, "imp": 0}, "Colombia": {"exp": 1921500.0, "imp": 0}, "Guatemala": {"exp": 135000.0, "imp": 0}, "México": {"exp": 1704021.0, "imp": 0}, "India": {"exp": 378000.0, "imp": 0}, "Perú": {"exp": 6960000.0, "imp": 0}, "Suiza": {"exp": 4327.68, "imp": 0}, "Costa Rica": {"exp": 19161.0, "imp": 0}}, "151521": {"Afganistán": {"exp": 30034.0, "imp": 0}, "Italia": {"exp": 199540.0, "imp": 0}, "Portugal": {"exp": 39600.0, "imp": 0}, "España": {"exp": 838096.0, "imp": 0}, "Uruguay": {"exp": 85992.0, "imp": 0}, "Brasil": {"exp": 22298807.82, "imp": 0}}, "151529": {"Malasia": {"exp": 1786118.0, "imp": 0}, "Emiratos Árabes": {"exp": 834498.0, "imp": 0}, "Ecuador": {"exp": 29392.0, "imp": 0}, "Túnez": {"exp": 884425.0, "imp": 0}, "Uruguay": {"exp": 17080.0, "imp": 0}, "Brasil": {"exp": 973.0, "imp": 966.42}, "Arabia Saudita": {"exp": 1376788.0, "imp": 0}, "Argentina": {"exp": 1005.0, "imp": 57595.88}, "Corea del Sur": {"exp": 0, "imp": 1003.82}}, "151590": {"Bélgica": {"exp": 459402.0, "imp": 0}, "Reino Unido": {"exp": 4000.0, "imp": 0}, "Colombia": {"exp": 501180.72, "imp": 0}, "Países Bajos": {"exp": 572015.0, "imp": 0}, "Alemania": {"exp": 5260174.5, "imp": 0}, "Chile": {"exp": 467502.56000000006, "imp": 0}, "Estados Unidos": {"exp": 4534139.4, "imp": 154231.81}, "Argentina": {"exp": 1591489.5, "imp": 0}, "Brasil": {"exp": 2142120.63, "imp": 32576.68}, "España": {"exp": 103296.0, "imp": 6.02}, "Rep. Dominicana": {"exp": 142105.0, "imp": 0}, "Canadá": {"exp": 5760.0, "imp": 0}, "Australia": {"exp": 23553.98, "imp": 0}, "Macedonia del Norte": {"exp": 23800.0, "imp": 0}, "Austria": {"exp": 3.0, "imp": 0}}, "151800": {"Portugal": {"exp": 780042.97, "imp": 0}, "Reino Unido": {"exp": 56076.0, "imp": 0}, "Países Bajos": {"exp": 1626352.2900000003, "imp": 0}, "Italia": {"exp": 55579.0, "imp": 0}, "España": {"exp": 285222.0, "imp": 0}, "Francia": {"exp": 62132.0, "imp": 0}, "Bélgica": {"exp": 306996.23000000004, "imp": 0}, "Chile": {"exp": 268281.0, "imp": 0}, "Alemania": {"exp": 0, "imp": 8126.26}, "Argentina": {"exp": 0, "imp": 2625875.62}, "Brasil": {"exp": 23205.0, "imp": 282492.9}}, "151211": {"India": {"exp": 357705.0, "imp": 0}, "Estados Unidos": {"exp": 6340103.73, "imp": 0}, "México": {"exp": 2194202.0, "imp": 0}, "Países Bajos": {"exp": 287340.0, "imp": 0}, "España": {"exp": 127035.0, "imp": 0}, "Uruguay": {"exp": 38204.0, "imp": 0}, "Brasil": {"exp": 2027770.0, "imp": 0}, "Bolivia": {"exp": 0, "imp": 173341.0}, "Argentina": {"exp": 0, "imp": 23413.14}, "Colombia": {"exp": 10.0, "imp": 0}}, "151321": {"Chile": {"exp": 709874.0, "imp": 0}, "Brasil": {"exp": 1439700.0, "imp": 29828.4}, "Argentina": {"exp": 105450.0, "imp": 0}}, "151550": {"Chile": {"exp": 7367.0, "imp": 0}, "Países Bajos": {"exp": 69992.0, "imp": 0}, "Alemania": {"exp": 24800.0, "imp": 361.92}, "Australia": {"exp": 125640.0, "imp": 0}, "Estados Unidos": {"exp": 67776.0, "imp": 0}, "Italia": {"exp": 155400.0, "imp": 0}, "Corea del Sur": {"exp": 0, "imp": 2437.6}, "México": {"exp": 475125.0, "imp": 0}}, "151620": {"Bolivia": {"exp": 155269.0, "imp": 0}, "Brasil": {"exp": 180338.0, "imp": 1289924.34}, "Canadá": {"exp": 0, "imp": 834.29}, "Suecia": {"exp": 0, "imp": 834.3}, "Malasia": {"exp": 0, "imp": 60498.0}, "Dinamarca": {"exp": 0, "imp": 1054.0}, "Francia": {"exp": 0, "imp": 55425.0}, "Chile": {"exp": 0, "imp": 64423.38}, "Italia": {"exp": 0, "imp": 2762.62}, "Alemania": {"exp": 0, "imp": 13492.0}, "Argentina": {"exp": 0, "imp": 90.77}}, "150790": {"Chile": {"exp": 1040301.1100000001, "imp": 0}, "Uruguay": {"exp": 747200.2000000001, "imp": 0}, "Brasil": {"exp": 405460.0, "imp": 1740903.25}, "Ghana": {"exp": 105000.0, "imp": 0}, "Estados Unidos": {"exp": 0, "imp": 4071.0}, "Argentina": {"exp": 0, "imp": 276137.61}, "Panamá": {"exp": 150186.2, "imp": 0}}, "150600": {"Brasil": {"exp": 296470.0, "imp": 0}}, "152200": {"Estados Unidos": {"exp": 27720.0, "imp": 0}, "España": {"exp": 80984.33, "imp": 0}, "Países Bajos": {"exp": 160101.0, "imp": 0}, "Argentina": {"exp": 3785.6, "imp": 0}, "Brasil": {"exp": 42562.4, "imp": 0}}, "151329": {"Argentina": {"exp": 32000.0, "imp": 0}, "Brasil": {"exp": 0, "imp": 273.0}}, "151511": {"Uruguay": {"exp": 5130.0, "imp": 0}}, "151560": {"Costa Rica": {"exp": 1350.0, "imp": 0}, "Chile": {"exp": 205330.0, "imp": 0}, "Brasil": {"exp": 1300.0, "imp": 57699.0}}, "151219": {"Ecuador": {"exp": 135000.0, "imp": 0}, "Chile": {"exp": 301465.88, "imp": 0}, "Argentina": {"exp": 0, "imp": 8718170.72}},