{"150210": {"Brasil": {"exp": 267754909.02, "imp": 0}, "Argentina": {"exp": 76140.0, "imp": 0}, "Baréin": {"exp": 12497.0, "imp": 0}, "Israel": {"exp": 4687558.43, "imp": 0}, "Kuwait": {"exp": 217520.12, "imp": 0}, "Perú": {"exp": 189664.11000000002, "imp": 0}, "Rusia": {"exp": 17778290.880000003, "imp": 45085.82}, "Irán": {"exp": 51174.0, "imp": 0}, "Jordania": {"exp": 1071612.6, "imp": 0}, "Líbano": {"exp": 238343.0, "imp": 0}, "Liberia": {"exp": 34394.0, "imp": 0}, "Serbia": {"exp": 366138.59, "imp": 0}, "Hong Kong": {"exp": 3268647.12, "imp": 0}, "Vietnam": {"exp": 367262.0, "imp": 0}, "Egipto": {"exp": 11925446.9, "imp": 0}, "Kazajistán": {"exp": 173649.96, "imp": 0}, "Chile": {"exp": 7416447.959999999, "imp": 0}, "Uruguay": {"exp": 27642485.509999998, "imp": 0}, "Arabia Saudita": {"exp": 433661.26, "imp": 0}, "Emiratos Árabes": {"exp": 67426.0, "imp": 0}, "Seychelles": {"exp": 2224.65, "imp": 0}, "Macedonia del Norte": {"exp": 749246.31, "imp": 0}, "Angola": {"exp": 24441.71, "imp": 0}, "Azerbaiyán": {"exp": 29180.13, "imp": 0}, "Qatar": {"exp": 26815.23, "imp": 0}, "Reino Unido": {"exp": 662.76, "imp": 0}, "Estados Unidos": {"exp": 1987799.1, "imp": 0}, "Irak": {"exp": 42929.26, "imp": 0}, "Montenegro": {"exp": 38964.61, "imp": 0}}, "150710": {"Brasil": {"exp": 216837277.41, "imp": 140228.16}, "Uruguay": {"exp": 8175081.17, "imp": 0}, "Argentina": {"exp": 484922894.03, "imp": 0}, "España": {"exp": 91699160.71000001, "imp": 0}, "Argelia": {"exp": 65792135.69, "imp": 0}, "Bangladesh": {"exp": 695656994.06, "imp": 0}, "Ecuador": {"exp": 3326130.0, "imp": 0}, "Francia": {"exp": 40290731.0, "imp": 0}, "Irán": {"exp": 57960278.18, "imp": 0}, "Madagascar": {"exp": 27622726.62, "imp": 0}, "Países Bajos": {"exp": 30605289.0, "imp": 0}, "Pakistán": {"exp": 326752790.11999995, "imp": 0}, "Portugal": {"exp": 9314047.63, "imp": 0}, "India": {"exp": 1606414263.82, "imp": 0}, "Suiza": {"exp": 26176.0, "imp": 0}, "Túnez": {"exp": 8601074.0, "imp": 0}, "Egipto": {"exp": 163209594.06, "imp": 0}, "Venezuela": {"exp": 71610285.50999999, "imp": 0}, "Malasia": {"exp": 26503318.869999997, "imp": 0}, "Mauricio": {"exp": 2821880.0, "imp": 0}, "Dinamarca": {"exp": 3901056.0, "imp": 0}, "Mozambique": {"exp": 26359933.12, "imp": 0}, "Camerún": {"exp": 316199.0, "imp": 0}, "Perú": {"exp": 216257672.54000002, "imp": 0}, "Kuwait": {"exp": 2534397.0, "imp": 0}, "Jamaica": {"exp": 28073.0, "imp": 0}, "Emiratos Árabes": {"exp": 2971520.0, "imp": 0}, "Sudáfrica": {"exp": 626370.0, "imp": 0}, "Turquía": {"exp": 6411390.0, "imp": 0}, "Italia": {"exp": 1996367.0, "imp": 0}, "Chile": {"exp": 5095456.0, "imp": 0}, "Omán": {"exp": 234326.85, "imp": 0}, "Angola": {"exp": 31391934.57, "imp": 0}, "Senegal": {"exp": 54523.0, "imp": 0}, "Guatemala": {"exp": 6798472.470000001, "imp": 0}, "El Salvador": {"exp": 4034895.26, "imp": 0}, "Costa Rica": {"exp": 181826.0, "imp": 0}, "Rep. Dominicana": {"exp": 6001044.0, "imp": 0}, "Estados Unidos": {"exp": 11453112.0, "imp": 0}, "Bolivia": {"exp": 0, "imp": 388233.0}, "Jordania": {"exp": 36663.0, "imp": 0}, "Corea del Sur": {"exp": 40133.020000000004, "imp": 0}, "Br. Virgin Isds": {"exp": 1004.0, "imp": 0}, "Panamá": {"exp": 174356.92, "imp": 0}}, "151211": {"Brasil": {"exp": 9617821.0, "imp": 0}, "Estados Unidos": {"exp": 7593577.73, "imp": 0}, "India": {"exp": 357705.0, "imp": 0}, "México": {"exp": 2194202.0, "imp": 0}, "Países Bajos": {"exp": 287340.0, "imp": 0}, "España": {"exp": 127035.0, "imp": 0}, "Uruguay": {"exp": 38204.0, "imp": 0}, "Bolivia": {"exp": 0, "imp": 173341.0}, "Argentina": {"exp": 0, "imp": 23413.14}, "Colombia": {"exp": 10.0, "imp": 0}}, "151321": {"Brasil": {"exp": 2566200.0, "imp": 29828.4}, "Argentina": {"exp": 526700.0, "imp": 0}, "Chile": {"exp": 742124.0, "imp": 0}, "Uruguay": {"exp": 126840.0, "imp": 0}}, "151411": {"Brasil": {"exp": 76403943.76, "imp": 0}, "Estados Unidos": {"exp": 9732560.2, "imp": 0}, "Ecuador": {"exp": 4637240.5, "imp": 0}, "Uruguay": {"exp": 190708.0, "imp": 0}, "China": {"exp": 1777801.0, "imp": 0}, "Kuwait": {"exp": 56753.0, "imp": 0}, "Chile": {"exp": 90909248.58, "imp": 0}, "Argentina": {"exp": 3512066.4, "imp": 0}, "Rep. Dominicana": {"exp": 292120.0, "imp": 0}, "Colombia": {"exp": 1921500.0, "imp": 0}, "Guatemala": {"exp": 135000.0, "imp": 0}, "México": {"exp": 1704021.0, "imp": 0}, "India": {"exp": 378000.0, "imp": 0}, "Perú": {"exp": 6960000.0, "imp": 0}, "Suiza": {"exp": 4327.68, "imp": 0}, "Costa Rica": {"exp": 19161.0, "imp": 0}}, "151590": {"Brasil": {"exp": 3147803.63, "imp": 32576.68}, "Estados Unidos": {"exp": 8303501.4, "imp": 154231.81}, "Argentina": {"exp": 2058450.5, "imp": 0}, "Chile": {"exp": 484477.56000000006, "imp": 0}, "España": {"exp": 747260.0, "imp": 6.02}, "Bélgica": {"exp": 1561366.0, "imp": 0}, "Colombia": {"exp": 617883.72, "imp": 0}, "Alemania": {"exp": 7357066.5, "imp": 0}, "Japón": {"exp": 112553.0, "imp": 0}, "México": {"exp": 1060616.0, "imp": 0}, "Países Bajos": {"exp": 2366574.0, "imp": 0}, "Perú": {"exp": 51942.0, "imp": 0}, "India": {"exp": 86419.0, "imp": 0}, "Venezuela": {"exp": 24770.0, "imp": 0}, "Australia": {"exp": 41830.979999999996, "imp": 0}, "Nueva Zelanda": {"exp": 232.0, "imp": 0}, "Reino Unido": {"exp": 4000.0, "imp": 0}, "Rep. Dominicana": {"exp": 142105.0, "imp": 0}, "Canadá": {"exp": 5760.0, "imp": 0}, "Macedonia del Norte": {"exp": 23800.0, "imp": 0}, "Austria": {"exp": 3.0, "imp": 0}}, "151610": {"Bolivia": {"exp": 132.0, "imp": 0}, "Brasil": {"exp": 172.2, "imp": 32499.6}}, "150890": {"Argentina": {"exp": 34922.0, "imp": 0}, "Italia": {"exp": 730241.6, "imp": 0}, "Países Bajos": {"exp": 0, "imp": 19575.35}, "Alemania": {"exp": 0, "imp": 7156.64}}, "151311": {"Chile": {"exp": 120506.0, "imp": 0}, "Uruguay": {"exp": 0, "imp": 13423.38}, "Brasil": {"exp": 0, "imp": 5880.65}}, "151521": {"España": {"exp": 1055575.0, "imp": 0}, "Afganistán": {"exp": 30034.0, "imp": 0}, "Italia": {"exp": 199540.0, "imp": 0}, "Portugal": {"exp": 39600.0, "imp": 0}, "Uruguay": {"exp": 85992.0, "imp": 0}, "Brasil": {"exp": 22298807.82, "imp": 0}}, "152190": {"Bolivia": {"exp": 39.8, "imp": 0}, "Italia": {"exp": 0, "imp": 5200.0}, "Argentina": {"exp": 0, "imp": 511.49}, "Brasil": {"exp": 78.54, "imp": 6859.67}}, "151550": {"Uruguay": {"exp": 1041.0, "imp": 0}, "Chile": {"exp": 7367.0, "imp": 0}, "Países Bajos": {"exp": 69992.0, "imp": 0}, "Alemania": {"exp": 24800.0, "imp": 361.92}, "Australia": {"exp": 125640.0, "imp": 0}, "Estados Unidos": {"exp": 67776.0, "imp": 0}, "Italia": {"exp": 155400.0, "imp": 0}, "Corea del Sur": {"exp": 0, "imp": 2437.6}, "México": {"exp": 475125.0, "imp": 0}}, "151530": {"Brasil": {"exp": 62860.0, "imp": 191408.68}, "India": {"exp": 0, "imp": 3911.78}}, "151529": {"Malasia": {"exp": 1786118.0, "imp": 0}, "Emiratos Árabes": {"exp": 834498.0, "imp": 0}, "Ecuador": {"exp": 29392.0, "imp": 0}, "Túnez": {"exp": 884425.0, "imp": 0}, "Uruguay": {"exp": 17080.0, "imp": 0}, "Brasil": {"exp": 973.0, "imp": 966.42}, "Arabia Saudita": {"exp": 1376788.0, "imp": 0}, "Argentina": {"exp": 1005.0, "imp": 57595.88}, "Corea del Sur": {"exp": 0, "imp": 1003.82}}, "151800": {"Portugal": {"exp": 780042.97, "imp": 0}, "Reino Unido": {"exp": 56076.0, "imp": 0}, "Países Bajos": {"exp": 1626352.2900000003, "imp": 0}, "Italia": {"exp": 55579.0, "imp": 0}, "España": {"exp": 285222.0, "imp": 0}, "Francia": {"exp": 62132.0, "imp": 0}, "Bélgica": {"exp": 306996.23000000004, "imp": 0}, "Chile": {"exp": 268281.0, "imp": 0}, "Alemania": {"exp": 0, "imp": 8126.26}, "Argentina": {"exp": 0, "imp": 2625875.62}, "Brasil": {"exp": 23205.0, "imp": 282492.9}}, "151620": {"Bolivia": {"exp": 155269.0, "imp": 0}, "Brasil": {"exp": 180338.0, "imp": 1289924.34}, "Canadá": {"exp": 0, "imp": 834.29}, "Suecia": {"exp": 0, "imp": 834.3}, "Malasia": {"exp": 0, "imp": 60498.0}, "Dinamarca": {"exp": 0, "imp": 1054.0}, "Francia": {"exp": 0, "imp": 55425.0}, "Chile": {"exp": 0, "imp": 64423.38}, "Italia": {"exp": 0, "imp": 2762.62}, "Alemania": {"exp": 0, "imp": 13492.0},